Mr Rajan Akash Patel,15/02/55,69,Rajan.Patel@example.com
Dr Aisha Khan,03/06/1972,51.0,Aisha.Khan@example.com
Miss Jamal Amir Al-Farsi,22/11/1988,35,Jamal.Al-Farsi@example.com
Mrs Priya Das,07/03/1964,59,Priya.Das@example.com
Mrs Malik Amirah Hussein,14/08/1999,24,Malik.Hussein@example.com
Sanjay Arjun Gupta,19/04/2005,18,Sanjay.Gupta@example.com
Dr. Nia Asha Singh,05/12/1978,45,Nia.Singh@example.com
Ms Mei Wu,25/07/1987,36,Mei.Wu@example.com
Javed Khan,08/09/1971,57,@example.com
Mrs Amara Zahra Malik,11/01/86,38,Amara.Malik@example.com
Anwar Kareem Al-Mansoori,30/05/1992,31,Anwar.Al-Mansoori@example.com
Miss Leela Sharma,12/10/1982,41.0,Leela.Sharma@example.com
Ms Malik Ishaara Ahmed,18/02/77,47,Malik.Ahmed@example.com
Jamal Adil Rahman,09/06/1965,58,Jamal.Rahman@example.com
Mrs Prianka Devi Patel,27/11/1995,28,Prianka.Patel@example.com
Aditya Ravi Kapoor,14/03/1982,41,Aditya.Kapoor@example.com
Dr Zara Khan,08/08/56,67,Zara.Khan@example.com
Mr Rahul Priyanka Das,26/12/2003,20,Rahul.Das@example.com
Naima Faridah Ali,07/04/1989,41,Naima.Ali@example.com
Mrs Ananya Das,23/09/1984,39,Ananya.Das@example.com
Amir Kareem Al-Farsi,01/07/2001,16.0,Amir.Al-Farsi@example.com
Dr Zahra Meera Khan,29/01/1967,57,Zahra.Khan@example.com
Ms Devi Prianka Dasgupta,17/06/1981,42,Devi.Dasgupta@example.com
Aryan Malik Khan,04 November 1998,25,Aryan.Khan@example.com
Mrs Asha Leela Sharma,21/03/1969,58,Asha.Sharma@example.com
Arjun Priyanka Kapoor,15/08/77,46,Arjun.Kapoor@example.com
Dr Kareem Ahmed Al-Mansoori,02/12/1988,35,Kareem.Al-Mansoori@example.com
Ishaara Malik Ali,10 April 1963,60,Ishaara.Ali@example.com
Leela Maya Singh,18/09/2007,16,Leela.Singh@example.com
Mrs Faridah Naima Ali,05/07/1947,76,Faridah.Ali@example.com
Akash Jamal Patel,23/02/1951,71,Akash.Patel@example.com
Dr Ali Malik Ishaan,12/06/1989,34,Ali.Ishaan@example.com
Miss Priyanka Devi Kapoor,01/11/1974,49,Priyanka.Kapoor@example.com
Mr Adil Jamal Rahman,27/03/2002,21,Adil.Rahman@example.com
Mrs Anika Das,20/08/50,73,Anika.Das@example.com
Kareem Al-Farsi,09 December 1976,47,Kareem.Al-Farsi@example.com
Ms Meera Zahra Khan,25/04/1985,47,Meera.Khan@example.com
Ali Ravi Kapoor,10/07/1960,63,Ali.Kapoor@example.com
Mrs Shreya Ananya Das,30 September 1997,19,Shreya.Das@example.com
Mr Jamal Akash Patel,06/02/1945,79,Jamal.Patel@example
Mrs Ravi Kapoor,26/06/1990,thirty-three,Ravi.Kapoor@example.com
Miss Amirah Hussein,15/11/2004,19,Amirah.Hussein@example.com
Mrs Priyanka Devi Patel,02/03/40,89,Priyanka.Patel@example.com
Mrs Prianka Devi Kapoor,28/08/1985,38,Prianka.Kapoor@example.com
Mr Wei Chen,17/12/1993,25,Wei.Chen@example.com
Dr Priya Aishwarya Kapoor,01/04/1947,76,Priya.Kapoor@example.com
Ms Emily Grace Thompson,15/07/1971,52,Emily.Thompson@example.com
Alejandro Martinez Garcia,06/10/1986,37,Alejandro.Garcia@example.com
Mrs Olivia Rose Williams,15/05/1954,69,Olivia.Williams@example.com
William Harrison,04/06/1969,54,William.Harrison@example.com
Dr Mei Wu,14/09/1985,38,@example.com
Mr Daniel Patrick O'Connor,23/01/1957,67,Daniel.O'Connor@example.com
Ms Isabella Rodriguez,12/06/1965,58,Isabella.Rodriguez@example.com
Ahmed Hassan Al-Mansoori,01/11/1983,40,Ahmed.Al-Mansoori@example.com
Mrs Eleanor Mary Turner,27/03/1972,51,Eleanor.Turner@example.com
Mr Hiroshi Kazuki Tanaka,20/08/2002,21,Hiroshi.Tanaka@example.com
Dr Aarav Rahul Kapoor,09/12/1946,77,Aarav.Kapoor@example.com
Ms Sophia Johnson,25/04/1985,38.0,Sophia.Johnson@example.com
Thomas Edward Smith,10/07/1969,54,Thomas.Smith@example.com
Mrs Carmen Maria Lopez,30/09/1997,26,Carmen.Lopez@example.com
Benjamin Wilson,06/02/1953,71,Benjamin.Wilson@example
Dr Javier Sanchez,26/06/1979,thirty-five,Javier.Sanchez@example.com
Mr Samuel George Taylor,15/11/2004,17.0,Samuel.Taylor@example.com
Mrs Mei Chen,02/03/1940,83,Mei.Chen@example.com
Alexander William Hughes,28/08/1964,59,Alexander.Hughes@example.com
Ms Emma Louise Brown,17/12/1993,30,Emma.Brown@example.com
Carlos Andres Fernandez,01 April 1947,76,Carlos.Fernandez@example.com
Mr Ethan Turner,15/07/1971,fifty-two,Ethan.Turner@example.com
Mrs Grace Olivia Thompson,06/10/1986,37,Grace.Thompson@example.com
Dr  ,15/01/1955,69,Yuki.Yamamoto@example.com
Robert Michael Johnson,04/05/1960,63,Robert.Johnson@example.com
David Martin,14/09/2000,23,David.Martin@example.com
Mrs Isabella Silva,20/02/1973,51,Isabella.Silva@example.com
Mr Lucas Benjamin Davis,07/06/1991,32,Lucas.Davis@example.com
Dr Priya Aaradhya Singhania,26/11/1958,65,Priya.Singhania@example.com
Ms Zoe Elizabeth Anderson,11/03/1942,81,Zoe.Anderson@example.com
Miguel Angel Ramirez,04/08/1966,57,Miguel.Ramirez@example.com
Mrs Hannah White,23/12/1988,44,Hannah.White@example.com
Henry James Turner,10/04/2007,16,Henry.Turner@example.com
Dr Ravi Arjun Gupta,28/07/1933,90,Ravi.Gupta@example.com
Ms Scarlett Parker,10/10/1977,46,Scarlett.Parker@example.com
Mrs Maria Teresa Rodriguez,20/01/1980,44.0,Maria.Rodriguez@example.com
Mr Leo William Jones,09/05/1995,28,Leo.Jones@example
Miss Jie Wang,27/09/1962,61.0,Jie.Wang@example.com
Ms Lily Olivia Wilson,01 February 1945,79.0,Lily.Wilson@example.com
Dr Abdul Kareem Al-Farsi,08/11/1985,38,Abdul.Al-Farsi@example.com
Oliver Daniel Wright,21/06/2006,17,Oliver.Wright@example.com
Mrs Sofia Isabella Das,25 March 1998,25,Sofia.Das@example.com
Mr Lucas Matthew Wang,11/08/1944,79,Lucas.Wang@example.com
Ms Emma Grace Oliveira,30/12/69,57,Emma.Oliveira@example.com
Dr Priyanka Dasgupta,15/04/1974,49,Priyanka.Dasgupta@example.com
Mrs Grace Amelia Kim,07/07/1992,31,Grace.Kim@example.com
Benjamin Turner,24/10/1953,70,Benjamin.Turner@example.com
Ms Sophia Gupta,01/02/1970,54,Sophia.Gupta@example.com
Mr Ethan Alexander Brown,16/06/2001,22,Ethan.Brown@example.com
Dr Alejandro Rodriguez Garcia,05/11/1947,85,Alejandro.Garcia@example.com
Ms Priya Kapoor,20/03/1994,29,Priya.Kapoor@example.com
William Smith,09/08/1950,73,William.Smith@example.com
Mrs Emma Grace Williams,04/12/1978,53,Emma.Williams@example.com
Robert Michael Turner,18/04/63,sixty,Robert.Turner@example.com
Dr Tingting Wu,24/07/1989,34,Tingting.Wu@example.com
Mr Noah James Patel,07/10/1956,67,Noah.Patel@example.com
Daniel Patrick Turner,10/01/03,21,Daniel.Turner@example.com
Miss Jing Chen,29/05/1935,eighty-eight,Jing.Chen@example.com
Miss Lili Zhang,22/09/1979,44,Lili.Zhang@example.com
Mr Liang Zhang,17/02/1987,37,Liang.Zhang@example.com
Dr Ahmed Kareem Al-Farsi,08/06/65,62,Ahmed.Al-Farsi@example.com
Ms Sophia Wang,28/11/02,21,Sophia.Wang@example.com
Samuel Matthew Turner,15 March 1944,79,Samuel.Turner@example.com
Mrs Priyanka Kapoor,07/08/1990,33,Priyanka.Kapoor@example.com
Ethan Alexander Smith,27/12/1954,69,Ethan.Smith@example.com
Mr Javier Hernandez,08 April 1968,55.0,Javier.Hernandez@example.com
Ms Isabella Kim,03/07/83,40,Isabella.Kim@example.com
Dr Siqi Feng,16/09/1996,27,Siqi.Feng@example.com
Mrs Lily Grace Davis,22 February 1936,eighty-eight,Lily.Davis@example.com
Benjamin Johnson,11/06/1957,66,Benjamin.Johnson@example.com
Priya Dasgupta,02 November 2004,18,Priya.Dasgupta@example.com
Ms Scarlett Elizabeth Brown,28 March 1981,42,Scarlett.Brown@example.com
Mr Carlos Rodriguez,21/08/73,50,Carlos.Rodriguez@example.com
Dr Leo William Yamamoto,10/12/1991,32,Leo.Yamamoto@example.com
Mrs Emma Wright,26/04/1948,75,Emma.Wright@example.com
Alexander Daniel Turner,11/07/1969,54,Alexander.Turner@example.com
Ms Prianka Devi Gupta,01/10/1985,39,Prianka.Gupta@example.com
Dr Samuel ,30/01/1943,81,Samuel.Turner@example.com
Mrs Carmen Maria Silva,19 June 1998,25,Carmen.Silva@example.com
Henry Thompson,09/11/60,63,Henry.Thompson@example.com
Noah Matthew Taylor,19/08/2009,fourteen,Noah.Taylor@example.com
Dr Sophia Isabella Anderson,26/03/75,48,Sophia.Anderson@example.com
Mrs Eleanor White,08 December 1987,36,Eleanor.White@example.com
Ms Lily Amelia Patel,02/04/1941,82,Lily.Patel@example.com
Mr Daniel Patrick Smith,16/07/1976,47,Daniel.Smith@example.com
Dr Emily Maria Das,29/09/1954,69,Emily.Das@example.com
Mrs William James Turner,05/02/2000,24,William.Turner@example.com
Ms  ,25/06/1982,36,Scarlett.Lopez@exa
Mr Ethan Alexander Davis,14/11/1965,fifty-eight,Ethan.Davis@example.com
Miss Caixia Wu,01/03/1994,29,Caixia.Wu@example.com
Mrs Carmen Maria Oliveira,16/08/1946,77,Carmen.Oliveira@example.com
Ms Olivia Khan,12/10/03,20,Olivia.Khan@example.com
Mrs Miao Niu,19/04/89,34,Miao.Niu@example.com
Noah James Taylor,25/07/1958,65.0,Noah.Taylor@example.com
Dr Alexander Wright,05/12/1971,52,Alexander.Wright@example.com
Mrs Sophia Amelia Das,11/01/1996,28,Sophia.Das@example.com
Ms Emma Grace Silva,29/06/1963,60,Emma.Silva@example.com
Mr Leo William Wang,08/09/75,48,Leo.Wang@example.com
Ms Sophia Amelia Wright,09/06/2007,16,Sophia.Wright@example.com
Dr Priyanka Devi Gupta,18/02/1991,33,Priyanka.Gupta@example.com
Miss Olivia Lopez,27/11/1951,72,Olivia.Lopez@example.com
Mrs Olivia Wright,14/03/1977,46,@example.com
Mr Rajan Akash Patel,15/02/55,69,Rajan.Patel@example.com
Dr Aisha Khan,03/06/1972,51.0,Aisha.Khan@example.com
Miss Jamal Amir Al-Farsi,22/11/1988,35,Jamal.Al-Farsi@example.com
Mrs Priya Das,07/03/1964,59,Priya.Das@example.com
Mrs Malik Amirah Hussein,14/08/1999,24,Malik.Hussein@example.com
Sanjay Arjun Gupta,19/04/2005,18,Sanjay.Gupta@example.com
Dr. Nia Asha Singh,05/12/1978,45,Nia.Singh@example.com
Ms Mei Wu,25/07/1987,36,Mei.Wu@example.com
Javed Khan,08/09/1971,57,@example.com
Mrs Amara Zahra Malik,11/01/86,38,Amara.Malik@example.com
Anwar Kareem Al-Mansoori,30/05/1992,31,Anwar.Al-Mansoori@example.com
Miss Leela Sharma,12/10/1982,41.0,Leela.Sharma@example.com
Ms Malik Ishaara Ahmed,18/02/77,47,Malik.Ahmed@example.com
Jamal Adil Rahman,09/06/1965,58,Jamal.Rahman@example.com
Mrs Prianka Devi Patel,27/11/1995,28,Prianka.Patel@example.com
Aditya Ravi Kapoor,14/03/1982,41,Aditya.Kapoor@example.com
Dr Zara Khan,08/08/56,67,Zara.Khan@example.com
Mr Rahul Priyanka Das,26/12/2003,20,Rahul.Das@example.com
Naima Faridah Ali,07/04/1989,41,Naima.Ali@example.com
Mrs Ananya Das,23/09/1984,39,Ananya.Das@example.com
Amir Kareem Al-Farsi,01/07/2001,16.0,Amir.Al-Farsi@example.com
Dr Zahra Meera Khan,29/01/1967,57,Zahra.Khan@example.com
Ms Devi Prianka Dasgupta,17/06/1981,42,Devi.Dasgupta@example.com
Aryan Malik Khan,04 November 1998,25,Aryan.Khan@example.com
Mrs Asha Leela Sharma,21/03/1969,58,Asha.Sharma@example.com
Arjun Priyanka Kapoor,15/08/77,46,Arjun.Kapoor@example.com
Dr Kareem Ahmed Al-Mansoori,02/12/1988,35,Kareem.Al-Mansoori@example.com
Ishaara Malik Ali,10 April 1963,60,Ishaara.Ali@example.com
Leela Maya Singh,18/09/2007,16,Leela.Singh@example.com
Mrs Faridah Naima Ali,05/07/1947,76,Faridah.Ali@example.com
Akash Jamal Patel,23/02/1951,71,Akash.Patel@example.com
Dr Ali Malik Ishaan,12/06/1989,34,Ali.Ishaan@example.com
Miss Priyanka Devi Kapoor,01/11/1974,49,Priyanka.Kapoor@example.com
Mr Adil Jamal Rahman,27/03/2002,21,Adil.Rahman@example.com
Mrs Anika Das,20/08/50,73,Anika.Das@example.com
Kareem Al-Farsi,09 December 1976,47,Kareem.Al-Farsi@example.com
Ms Meera Zahra Khan,25/04/1985,47,Meera.Khan@example.com
Ali Ravi Kapoor,10/07/1960,63,Ali.Kapoor@example.com
Mrs Shreya Ananya Das,30 September 1997,19,Shreya.Das@example.com
Mr Jamal Akash Patel,06/02/1945,79,Jamal.Patel@example
Mrs Ravi Kapoor,26/06/1990,thirty-three,Ravi.Kapoor@example.com
Miss Amirah Hussein,15/11/2004,19,Amirah.Hussein@example.com
Mrs Priyanka Devi Patel,02/03/40,89,Priyanka.Patel@example.com
Mrs Prianka Devi Kapoor,28/08/1985,38,Prianka.Kapoor@example.com
Mr Wei Chen,17/12/1993,25,Wei.Chen@example.com
Dr Priya Aishwarya Kapoor,01/04/1947,76,Priya.Kapoor@example.com
Ms Emily Grace Thompson,15/07/1971,52,Emily.Thompson@example.com
Alejandro Martinez Garcia,06/10/1986,37,Alejandro.Garcia@example.com
Mrs Olivia Rose Williams,15/05/1954,69,Olivia.Williams@example.com
William Harrison,04/06/1969,54,William.Harrison@example.com
Dr Mei Wu,14/09/1985,38,@example.com
Mr Daniel Patrick O'Connor,23/01/1957,67,Daniel.O'Connor@example.com
Ms Isabella Rodriguez,12/06/1965,58,Isabella.Rodriguez@example.com
Ahmed Hassan Al-Mansoori,01/11/1983,40,Ahmed.Al-Mansoori@example.com
Mrs Eleanor Mary Turner,27/03/1972,51,Eleanor.Turner@example.com
Mr Hiroshi Kazuki Tanaka,20/08/2002,21,Hiroshi.Tanaka@example.com
Dr Aarav Rahul Kapoor,09/12/1946,77,Aarav.Kapoor@example.com
Ms Sophia Johnson,25/04/1985,38.0,Sophia.Johnson@example.com
Thomas Edward Smith,10/07/1969,54,Thomas.Smith@example.com
Mrs Carmen Maria Lopez,30/09/1997,26,Carmen.Lopez@example.com
Benjamin Wilson,06/02/1953,71,Benjamin.Wilson@example
Dr Javier Sanchez,26/06/1979,thirty-five,Javier.Sanchez@example.com
Mr Samuel George Taylor,15/11/2004,17.0,Samuel.Taylor@example.com
Mrs Mei Chen,02/03/1940,83,Mei.Chen@example.com
Alexander William Hughes,28/08/1964,59,Alexander.Hughes@example.com
Ms Emma Louise Brown,17/12/1993,30,Emma.Brown@example.com
Carlos Andres Fernandez,01 April 1947,76,Carlos.Fernandez@example.com
Mr Ethan Turner,15/07/1971,fifty-two,Ethan.Turner@example.com
Mrs Grace Olivia Thompson,06/10/1986,37,Grace.Thompson@example.com
Dr  ,15/01/1955,69,Yuki.Yamamoto@example.com
Robert Michael Johnson,04/05/1960,63,Robert.Johnson@example.com
David Martin,14/09/2000,23,David.Martin@example.com
Mrs Isabella Silva,20/02/1973,51,Isabella.Silva@example.com
Mr Lucas Benjamin Davis,07/06/1991,32,Lucas.Davis@example.com
Dr Priya Aaradhya Singhania,26/11/1958,65,Priya.Singhania@example.com
Ms Zoe Elizabeth Anderson,11/03/1942,81,Zoe.Anderson@example.com
Miguel Angel Ramirez,04/08/1966,57,Miguel.Ramirez@example.com
Mrs Hannah White,23/12/1988,44,Hannah.White@example.com
Henry James Turner,10/04/2007,16,Henry.Turner@example.com
Dr Ravi Arjun Gupta,28/07/1933,90,Ravi.Gupta@example.com
Ms Scarlett Parker,10/10/1977,46,Scarlett.Parker@example.com
Mrs Maria Teresa Rodriguez,20/01/1980,44.0,Maria.Rodriguez@example.com
Mr Leo William Jones,09/05/1995,28,Leo.Jones@example
Miss Jie Wang,27/09/1962,61.0,Jie.Wang@example.com
Ms Lily Olivia Wilson,01 February 1945,79.0,Lily.Wilson@example.com
Dr Abdul Kareem Al-Farsi,08/11/1985,38,Abdul.Al-Farsi@example.com
Oliver Daniel Wright,21/06/2006,17,Oliver.Wright@example.com
Mrs Sofia Isabella Das,25 March 1998,25,Sofia.Das@example.com
Mr Lucas Matthew Wang,11/08/1944,79,Lucas.Wang@example.com
Ms Emma Grace Oliveira,30/12/69,57,Emma.Oliveira@example.com
Dr Priyanka Dasgupta,15/04/1974,49,Priyanka.Dasgupta@example.com
Mrs Grace Amelia Kim,07/07/1992,31,Grace.Kim@example.com
Benjamin Turner,24/10/1953,70,Benjamin.Turner@example.com
Ms Sophia Gupta,01/02/1970,54,Sophia.Gupta@example.com
Mr Ethan Alexander Brown,16/06/2001,22,Ethan.Brown@example.com
Dr Alejandro Rodriguez Garcia,05/11/1947,85,Alejandro.Garcia@example.com
Ms Priya Kapoor,20/03/1994,29,Priya.Kapoor@example.com
William Smith,09/08/1950,73,William.Smith@example.com
Mrs Emma Grace Williams,04/12/1978,53,Emma.Williams@example.com
Robert Michael Turner,18/04/63,sixty,Robert.Turner@example.com
Dr Tingting Wu,24/07/1989,34,Tingting.Wu@example.com
Mr Noah James Patel,07/10/1956,67,Noah.Patel@example.com
Daniel Patrick Turner,10/01/03,21,Daniel.Turner@example.com
Miss Jing Chen,29/05/1935,eighty-eight,Jing.Chen@example.com
Miss Lili Zhang,22/09/1979,44,Lili.Zhang@example.com
Mr Liang Zhang,17/02/1987,37,Liang.Zhang@example.com
Dr Ahmed Kareem Al-Farsi,08/06/65,62,Ahmed.Al-Farsi@example.com
Ms Sophia Wang,28/11/02,21,Sophia.Wang@example.com
Samuel Matthew Turner,15 March 1944,79,Samuel.Turner@example.com
Mrs Priyanka Kapoor,07/08/1990,33,Priyanka.Kapoor@example.com
Ethan Alexander Smith,27/12/1954,69,Ethan.Smith@example.com
Mr Javier Hernandez,08 April 1968,55.0,Javier.Hernandez@example.com
Ms Isabella Kim,03/07/83,40,Isabella.Kim@example.com
Dr Siqi Feng,16/09/1996,27,Siqi.Feng@example.com
Mrs Lily Grace Davis,22 February 1936,eighty-eight,Lily.Davis@example.com
Benjamin Johnson,11/06/1957,66,Benjamin.Johnson@example.com
Priya Dasgupta,02 November 2004,18,Priya.Dasgupta@example.com
Ms Scarlett Elizabeth Brown,28 March 1981,42,Scarlett.Brown@example.com
Mr Carlos Rodriguez,21/08/73,50,Carlos.Rodriguez@example.com
Dr Leo William Yamamoto,10/12/1991,32,Leo.Yamamoto@example.com
Mrs Emma Wright,26/04/1948,75,Emma.Wright@example.com
Alexander Daniel Turner,11/07/1969,54,Alexander.Turner@example.com
Ms Prianka Devi Gupta,01/10/1985,39,Prianka.Gupta@example.com
Dr Samuel ,30/01/1943,81,Samuel.Turner@example.com
Mrs Carmen Maria Silva,19 June 1998,25,Carmen.Silva@example.com
Henry Thompson,09/11/60,63,Henry.Thompson@example.com
Noah Matthew Taylor,19/08/2009,fourteen,Noah.Taylor@example.com
Dr Sophia Isabella Anderson,26/03/75,48,Sophia.Anderson@example.com
Mrs Eleanor White,08 December 1987,36,Eleanor.White@example.com
Ms Lily Amelia Patel,02/04/1941,82,Lily.Patel@example.com
Mr Daniel Patrick Smith,16/07/1976,47,Daniel.Smith@example.com
Dr Emily Maria Das,29/09/1954,69,Emily.Das@example.com
Mrs William James Turner,05/02/2000,24,William.Turner@example.com
Ms  ,25/06/1982,36,Scarlett.Lopez@exa
Mr Ethan Alexander Davis,14/11/1965,fifty-eight,Ethan.Davis@example.com
Miss Caixia Wu,01/03/1994,29,Caixia.Wu@example.com
Mrs Carmen Maria Oliveira,16/08/1946,77,Carmen.Oliveira@example.com
Ms Olivia Khan,12/10/03,20,Olivia.Khan@example.com
Mrs Miao Niu,19/04/89,34,Miao.Niu@example.com
Noah James Taylor,25/07/1958,65.0,Noah.Taylor@example.com
Dr Alexander Wright,05/12/1971,52,Alexander.Wright@example.com
Mrs Sophia Amelia Das,11/01/1996,28,Sophia.Das@example.com
Ms Emma Grace Silva,29/06/1963,60,Emma.Silva@example.com
Mr Leo William Wang,08/09/75,48,Leo.Wang@example.com
Ms Sophia Amelia Wright,09/06/2007,16,Sophia.Wright@example.com
Dr Priyanka Devi Gupta,18/02/1991,33,Priyanka.Gupta@example.com
Miss Olivia Lopez,27/11/1951,72,Olivia.Lopez@example.com
Mrs Olivia Wright,14/03/1977,46,@example.com
Mr Rajan Akash Patel,15/02/55,69,Rajan.Patel@example.com
Dr Aisha Khan,03/06/1972,51.0,Aisha.Khan@example.com
Miss Jamal Amir Al-Farsi,22/11/1988,35,Jamal.Al-Farsi@example.com
Mrs Priya Das,07/03/1964,59,Priya.Das@example.com
Mrs Malik Amirah Hussein,14/08/1999,24,Malik.Hussein@example.com
Sanjay Arjun Gupta,19/04/2005,18,Sanjay.Gupta@example.com
Dr. Nia Asha Singh,05/12/1978,45,Nia.Singh@example.com
Ms Mei Wu,25/07/1987,36,Mei.Wu@example.com
Javed Khan,08/09/1971,57,@example.com
Mrs Amara Zahra Malik,11/01/86,38,Amara.Malik@example.com
Anwar Kareem Al-Mansoori,30/05/1992,31,Anwar.Al-Mansoori@example.com
Miss Leela Sharma,12/10/1982,41.0,Leela.Sharma@example.com
Ms Malik Ishaara Ahmed,18/02/77,47,Malik.Ahmed@example.com
Jamal Adil Rahman,09/06/1965,58,Jamal.Rahman@example.com
Mrs Prianka Devi Patel,27/11/1995,28,Prianka.Patel@example.com
Aditya Ravi Kapoor,14/03/1982,41,Aditya.Kapoor@example.com
Dr Zara Khan,08/08/56,67,Zara.Khan@example.com
Mr Rahul Priyanka Das,26/12/2003,20,Rahul.Das@example.com
Naima Faridah Ali,07/04/1989,41,Naima.Ali@example.com
Mrs Ananya Das,23/09/1984,39,Ananya.Das@example.com
Amir Kareem Al-Farsi,01/07/2001,16.0,Amir.Al-Farsi@example.com
Dr Zahra Meera Khan,29/01/1967,57,Zahra.Khan@example.com
Ms Devi Prianka Dasgupta,17/06/1981,42,Devi.Dasgupta@example.com
Aryan Malik Khan,04 November 1998,25,Aryan.Khan@example.com
Mrs Asha Leela Sharma,21/03/1969,58,Asha.Sharma@example.com
Arjun Priyanka Kapoor,15/08/77,46,Arjun.Kapoor@example.com
Dr Kareem Ahmed Al-Mansoori,02/12/1988,35,Kareem.Al-Mansoori@example.com
Ishaara Malik Ali,10 April 1963,60,Ishaara.Ali@example.com
Leela Maya Singh,18/09/2007,16,Leela.Singh@example.com
Mrs Faridah Naima Ali,05/07/1947,76,Faridah.Ali@example.com
Akash Jamal Patel,23/02/1951,71,Akash.Patel@example.com
Dr Ali Malik Ishaan,12/06/1989,34,Ali.Ishaan@example.com
Miss Priyanka Devi Kapoor,01/11/1974,49,Priyanka.Kapoor@example.com
Mr Adil Jamal Rahman,27/03/2002,21,Adil.Rahman@example.com
Mrs Anika Das,20/08/50,73,Anika.Das@example.com
Kareem Al-Farsi,09 December 1976,47,Kareem.Al-Farsi@example.com
Ms Meera Zahra Khan,25/04/1985,47,Meera.Khan@example.com
Ali Ravi Kapoor,10/07/1960,63,Ali.Kapoor@example.com
Mrs Shreya Ananya Das,30 September 1997,19,Shreya.Das@example.com
Mr Jamal Akash Patel,06/02/1945,79,Jamal.Patel@example
Mrs Ravi Kapoor,26/06/1990,thirty-three,Ravi.Kapoor@example.com
Miss Amirah Hussein,15/11/2004,19,Amirah.Hussein@example.com
Mrs Priyanka Devi Patel,02/03/40,89,Priyanka.Patel@example.com
Mrs Prianka Devi Kapoor,28/08/1985,38,Prianka.Kapoor@example.com
Mr Wei Chen,17/12/1993,25,Wei.Chen@example.com
Dr Priya Aishwarya Kapoor,01/04/1947,76,Priya.Kapoor@example.com
Ms Emily Grace Thompson,15/07/1971,52,Emily.Thompson@example.com
Alejandro Martinez Garcia,06/10/1986,37,Alejandro.Garcia@example.com
Mrs Olivia Rose Williams,15/05/1954,69,Olivia.Williams@example.com
William Harrison,04/06/1969,54,William.Harrison@example.com
Dr Mei Wu,14/09/1985,38,@example.com
Mr Daniel Patrick O'Connor,23/01/1957,67,Daniel.O'Connor@example.com
Ms Isabella Rodriguez,12/06/1965,58,Isabella.Rodriguez@example.com
Ahmed Hassan Al-Mansoori,01/11/1983,40,Ahmed.Al-Mansoori@example.com
Mrs Eleanor Mary Turner,27/03/1972,51,Eleanor.Turner@example.com
Mr Hiroshi Kazuki Tanaka,20/08/2002,21,Hiroshi.Tanaka@example.com
Dr Aarav Rahul Kapoor,09/12/1946,77,Aarav.Kapoor@example.com
Ms Sophia Johnson,25/04/1985,38.0,Sophia.Johnson@example.com
Thomas Edward Smith,10/07/1969,54,Thomas.Smith@example.com
Mrs Carmen Maria Lopez,30/09/1997,26,Carmen.Lopez@example.com
Benjamin Wilson,06/02/1953,71,Benjamin.Wilson@example
Dr Javier Sanchez,26/06/1979,thirty-five,Javier.Sanchez@example.com
Mr Samuel George Taylor,15/11/2004,17.0,Samuel.Taylor@example.com
Mrs Mei Chen,02/03/1940,83,Mei.Chen@example.com
Alexander William Hughes,28/08/1964,59,Alexander.Hughes@example.com
Ms Emma Louise Brown,17/12/1993,30,Emma.Brown@example.com
Carlos Andres Fernandez,01 April 1947,76,Carlos.Fernandez@example.com
Mr Ethan Turner,15/07/1971,fifty-two,Ethan.Turner@example.com
Mrs Grace Olivia Thompson,06/10/1986,37,Grace.Thompson@example.com
Dr  ,15/01/1955,69,Yuki.Yamamoto@example.com
Robert Michael Johnson,04/05/1960,63,Robert.Johnson@example.com
David Martin,14/09/2000,23,David.Martin@example.com
Mrs Isabella Silva,20/02/1973,51,Isabella.Silva@example.com
Mr Lucas Benjamin Davis,07/06/1991,32,Lucas.Davis@example.com
Dr Priya Aaradhya Singhania,26/11/1958,65,Priya.Singhania@example.com
Ms Zoe Elizabeth Anderson,11/03/1942,81,Zoe.Anderson@example.com
Miguel Angel Ramirez,04/08/1966,57,Miguel.Ramirez@example.com
Mrs Hannah White,23/12/1988,44,Hannah.White@example.com
Henry James Turner,10/04/2007,16,Henry.Turner@example.com
Dr Ravi Arjun Gupta,28/07/1933,90,Ravi.Gupta@example.com
Ms Scarlett Parker,10/10/1977,46,Scarlett.Parker@example.com
Mrs Maria Teresa Rodriguez,20/01/1980,44.0,Maria.Rodriguez@example.com
Mr Leo William Jones,09/05/1995,28,Leo.Jones@example
Miss Jie Wang,27/09/1962,61.0,Jie.Wang@example.com
Ms Lily Olivia Wilson,01 February 1945,79.0,Lily.Wilson@example.com
Dr Abdul Kareem Al-Farsi,08/11/1985,38,Abdul.Al-Farsi@example.com
Oliver Daniel Wright,21/06/2006,17,Oliver.Wright@example.com
Mrs Sofia Isabella Das,25 March 1998,25,Sofia.Das@example.com
Mr Lucas Matthew Wang,11/08/1944,79,Lucas.Wang@example.com
Ms Emma Grace Oliveira,30/12/69,57,Emma.Oliveira@example.com
Dr Priyanka Dasgupta,15/04/1974,49,Priyanka.Dasgupta@example.com
Mrs Grace Amelia Kim,07/07/1992,31,Grace.Kim@example.com
Benjamin Turner,24/10/1953,70,Benjamin.Turner@example.com
Ms Sophia Gupta,01/02/1970,54,Sophia.Gupta@example.com
Mr Ethan Alexander Brown,16/06/2001,22,Ethan.Brown@example.com
Dr Alejandro Rodriguez Garcia,05/11/1947,85,Alejandro.Garcia@example.com
Ms Priya Kapoor,20/03/1994,29,Priya.Kapoor@example.com
William Smith,09/08/1950,73,William.Smith@example.com
Mrs Emma Grace Williams,04/12/1978,53,Emma.Williams@example.com
Robert Michael Turner,18/04/63,sixty,Robert.Turner@example.com
Dr Tingting Wu,24/07/1989,34,Tingting.Wu@example.com
Mr Noah James Patel,07/10/1956,67,Noah.Patel@example.com
Daniel Patrick Turner,10/01/03,21,Daniel.Turner@example.com
Miss Jing Chen,29/05/1935,eighty-eight,Jing.Chen@example.com
Miss Lili Zhang,22/09/1979,44,Lili.Zhang@example.com
Mr Liang Zhang,17/02/1987,37,Liang.Zhang@example.com
Dr Ahmed Kareem Al-Farsi,08/06/65,62,Ahmed.Al-Farsi@example.com
Ms Sophia Wang,28/11/02,21,Sophia.Wang@example.com
Samuel Matthew Turner,15 March 1944,79,Samuel.Turner@example.com
Mrs Priyanka Kapoor,07/08/1990,33,Priyanka.Kapoor@example.com
Ethan Alexander Smith,27/12/1954,69,Ethan.Smith@example.com
Mr Javier Hernandez,08 April 1968,55.0,Javier.Hernandez@example.com
Ms Isabella Kim,03/07/83,40,Isabella.Kim@example.com
Dr Siqi Feng,16/09/1996,27,Siqi.Feng@example.com
Mrs Lily Grace Davis,22 February 1936,eighty-eight,Lily.Davis@example.com
Benjamin Johnson,11/06/1957,66,Benjamin.Johnson@example.com
Priya Dasgupta,02 November 2004,18,Priya.Dasgupta@example.com
Ms Scarlett Elizabeth Brown,28 March 1981,42,Scarlett.Brown@example.com
Mr Carlos Rodriguez,21/08/73,50,Carlos.Rodriguez@example.com
Dr Leo William Yamamoto,10/12/1991,32,Leo.Yamamoto@example.com
Mrs Emma Wright,26/04/1948,75,Emma.Wright@example.com
Alexander Daniel Turner,11/07/1969,54,Alexander.Turner@example.com
Ms Prianka Devi Gupta,01/10/1985,39,Prianka.Gupta@example.com
Dr Samuel ,30/01/1943,81,Samuel.Turner@example.com
Mrs Carmen Maria Silva,19 June 1998,25,Carmen.Silva@example.com
Henry Thompson,09/11/60,63,Henry.Thompson@example.com
Noah Matthew Taylor,19/08/2009,fourteen,Noah.Taylor@example.com
Dr Sophia Isabella Anderson,26/03/75,48,Sophia.Anderson@example.com
Mrs Eleanor White,08 December 1987,36,Eleanor.White@example.com
Ms Lily Amelia Patel,02/04/1941,82,Lily.Patel@example.com
Mr Daniel Patrick Smith,16/07/1976,47,Daniel.Smith@example.com
Dr Emily Maria Das,29/09/1954,69,Emily.Das@example.com
Mrs William James Turner,05/02/2000,24,William.Turner@example.com
Ms  ,25/06/1982,36,Scarlett.Lopez@exa
Mr Ethan Alexander Davis,14/11/1965,fifty-eight,Ethan.Davis@example.com
Miss Caixia Wu,01/03/1994,29,Caixia.Wu@example.com
Mrs Carmen Maria Oliveira,16/08/1946,77,Carmen.Oliveira@example.com
Ms Olivia Khan,12/10/03,20,Olivia.Khan@example.com
Mrs Miao Niu,19/04/89,34,Miao.Niu@example.com
Noah James Taylor,25/07/1958,65.0,Noah.Taylor@example.com
Dr Alexander Wright,05/12/1971,52,Alexander.Wright@example.com
Mrs Sophia Amelia Das,11/01/1996,28,Sophia.Das@example.com
Ms Emma Grace Silva,29/06/1963,60,Emma.Silva@example.com
Mr Leo William Wang,08/09/75,48,Leo.Wang@example.com
Ms Sophia Amelia Wright,09/06/2007,16,Sophia.Wright@example.com
Dr Priyanka Devi Gupta,18/02/1991,33,Priyanka.Gupta@example.com
Miss Olivia Lopez,27/11/1951,72,Olivia.Lopez@example.com
Mrs Olivia Wright,14/03/1977,46,@example.com
Mr Rajan Akash Patel,15/02/55,69,Rajan.Patel@example.com
Dr Aisha Khan,03/06/1972,51.0,Aisha.Khan@example.com
Miss Jamal Amir Al-Farsi,22/11/1988,35,Jamal.Al-Farsi@example.com
Mrs Priya Das,07/03/1964,59,Priya.Das@example.com
Mrs Malik Amirah Hussein,14/08/1999,24,Malik.Hussein@example.com
Sanjay Arjun Gupta,19/04/2005,18,Sanjay.Gupta@example.com
Dr. Nia Asha Singh,05/12/1978,45,Nia.Singh@Liverpool.ac.uk
Ms Mei Wu,25/07/1987,36,Mei.Wu@example.com
Javed Khan,08/09/1971,57,@example.com
Mrs Amara Zahra Malik,11/01/86,38,Amara.Malik@example.com
Anwar Kareem Al-Mansoori,30/05/1992,31,Anwar.Al-Mansoori@example.com
Miss Leela Sharma,12/10/1982,41.0,Leela.Sharma@example.com
Ms Malik Ishaara Ahmed,18/02/77,47,Malik.Ahmed@example.com
Jamal Adil Rahman,09/06/1965,58,Jamal.Rahman@example.com
Mrs Prianka Devi Patel,27/11/1995,28,Prianka.Patel@example.com
Aditya Ravi Kapoor,14/03/1982,41,Aditya.Kapoor@example.com
Dr Zara Khan,08/08/56,67,Zara.Khan@example.com
Mr Rahul Priyanka Das,26/12/2003,20,Rahul.Das@example.com
Naima Faridah Ali,07/04/1989,41,Naima.Ali@example.com
Mrs Ananya Das,23/09/1984,39,Ananya.Das@example.com
Amir Kareem Al-Farsi,01/07/2001,16.0,Amir.Al-Farsi@example.com
Dr Zahra Meera Khan,29/01/1967,57,Zahra.Khan@example.com
Ms Devi Prianka Dasgupta,17/06/1981,42,Devi.Dasgupta@example.com
Aryan Malik Khan,04 November 1998,25,Aryan.Khan@example.com
Mrs Asha Leela Sharma,21/03/1969,58,Asha.Sharma@example.com
Arjun Priyanka Kapoor,15/08/77,46,Arjun.Kapoor@example.com
Dr Kareem Ahmed Al-Mansoori,02/12/1988,35,Kareem.Al-Mansoori@example.com
Ishaara Malik Ali,10 April 1963,60,Ishaara.Ali@example.com
Leela Maya Singh,18/09/2007,16,Leela.Singh@example.com
Mrs Faridah Naima Ali,05/07/1947,76,Faridah.Ali@Liverpool.ac.uk
Akash Jamal Patel,23/02/1951,71,Akash.Patel@example.com
Dr Ali Malik Ishaan,12/06/1989,34,Ali.Ishaan@example.com
Miss Priyanka Devi Kapoor,01/11/1974,49,Priyanka.Kapoor@example.com
Mr Adil Jamal Rahman,27/03/2002,21,Adil.Rahman@example.com
Mrs Anika Das,20/08/50,73,Anika.Das@example.com
Kareem Al-Farsi,09 December 1976,47,Kareem.Al-Farsi@example.com
Ms Meera Zahra Khan,25/04/1985,47,Meera.Khan@example.com
Ali Ravi Kapoor,10/07/1960,63,Ali.Kapoor@example.com
Mrs Shreya Ananya Das,30 September 1997,19,Shreya.Das@example.com
Mr Jamal Akash Patel,06/02/1945,79,Jamal.Patel@example
Mrs Ravi Kapoor,26/06/1990,thirty-three,Ravi.Kapoor@example.com
Miss Amirah Hussein,15/11/2004,19,Amirah.Hussein@example.com
Mrs Priyanka Devi Patel,02/03/40,89,Priyanka.Patel@example.com
Mrs Prianka Devi Kapoor,28/08/1985,38,Prianka.Kapoor@example.com
Mr Wei Chen,17/12/1993,25,Wei.Chen@example.com
Dr Priya Aishwarya Kapoor,01/04/1947,76,Priya.Kapoor@example.com
Ms Emily Grace Thompson,15/07/1971,52,Emily.Thompson@example.com
Alejandro Martinez Garcia,06/10/1986,37,Alejandro.Garcia@example.com
Mrs Olivia Rose Williams,15/05/1954,69,Olivia.Williams@example.com
William Harrison,04/06/1969,54,William.Harrison@example.com
Dr Mei Wu,14/09/1985,38,@example.com
Mr Daniel Patrick O'Connor,23/01/1957,67,Daniel.O'Connor@example.com
Ms Isabella Rodriguez,12/06/1965,58,Isabella.Rodriguez@example.com
Ahmed Hassan Al-Mansoori,01/11/1983,40,Ahmed.Al-Mansoori@example.com
Mrs Eleanor Mary Turner,27/03/1972,51,Eleanor.Turner@example.com
Mr Hiroshi Kazuki Tanaka,20/08/2002,21,Hiroshi.Tanaka@example.com
Dr Aarav Rahul Kapoor,09/12/1946,77,Aarav.Kapoor@example.com
Ms Sophia Johnson,25/04/1985,38.0,Sophia.Johnson@example.com
Thomas Edward Smith,10/07/1969,54,Thomas.Smith@example.com
Mrs Carmen Maria Lopez,30/09/1997,26,Carmen.Lopez@example.com
Benjamin Wilson,06/02/1953,71,Benjamin.Wilson@example
Dr Javier Sanchez,26/06/1979,thirty-five,Javier.Sanchez@example.com
Mr Samuel George Taylor,15/11/2004,17.0,Samuel.Taylor@example.com
Mrs Mei Chen,02/03/1940,83,Mei.Chen@example.com
Alexander William Hughes,28/08/1964,59,Alexander.Hughes@example.com
Ms Emma Louise Brown,17/12/1993,30,Emma.Brown@example.com
Carlos Andres Fernandez,01 April 1947,76,Carlos.Fernandez@example.com
Mr Ethan Turner,15/07/1971,fifty-two,Ethan.Turner@example.com
Mrs Grace Olivia Thompson,06/10/1986,37,Grace.Thompson@example.com
Dr  ,15/01/1955,69,Yuki.Yamamoto@example.com
Robert Michael Johnson,04/05/1960,63,Robert.Johnson@example.com
David Martin,14/09/2000,23,David.Martin@example.com
Mrs Isabella Silva,20/02/1973,51,Isabella.Silva@example.com
Mr Lucas Benjamin Davis,07/06/1991,32,Lucas.Davis@example.com
Dr Priya Aaradhya Singhania,26/11/1958,65,Priya.Singhania@example.com
Ms Zoe Elizabeth Anderson,11/03/1942,81,Zoe.Anderson@example.com
Miguel Angel Ramirez,04/08/1966,57,Miguel.Ramirez@example.com
Mrs Hannah White,23/12/1988,44,Hannah.White@example.com
Henry James Turner,10/04/2007,16,Henry.Turner@example.com
Dr Ravi Arjun Gupta,28/07/1933,90,Ravi.Gupta@example.com
Ms Scarlett Parker,10/10/1977,46,Scarlett.Parker@example.com
Mrs Maria Teresa Rodriguez,20/01/1980,44.0,Maria.Rodriguez@example.com
Mr Leo William Jones,09/05/1995,28,Leo.Jones@example
Miss Jie Wang,27/09/1962,61.0,Jie.Wang@example.com
Ms Lily Olivia Wilson,01 February 1945,79.0,Lily.Wilson@example.com
Dr Abdul Kareem Al-Farsi,08/11/1985,38,Abdul.Al-Farsi@example.com
Oliver Daniel Wright,21/06/2006,17,Oliver.Wright@example.com
Mrs Sofia Isabella Das,25 March 1998,25,Sofia.Das@example.com
Mr Lucas Matthew Wang,11/08/1944,79,Lucas.Wang@example.com
Ms Emma Grace Oliveira,30/12/69,57,Emma.Oliveira@example.com
Dr Priyanka Dasgupta,15/04/1974,49,Priyanka.Dasgupta@example.com
Mrs Grace Amelia Kim,07/07/1992,31,Grace.Kim@example.com
Benjamin Turner,24/10/1953,70,Benjamin.Turner@example.com
Ms Sophia Gupta,01/02/1970,54,Sophia.Gupta@example.com
Mr Ethan Alexander Brown,16/06/2001,22,Ethan.Brown@example.com
Dr Alejandro Rodriguez Garcia,05/11/1947,85,Alejandro.Garcia@example.com
Ms Priya Kapoor,20/03/1994,29,Priya.Kapoor@example.com
William Smith,09/08/1950,73,William.Smith@example.com
Mrs Emma Grace Williams,04/12/1978,53,Emma.Williams@example.com
Robert Michael Turner,18/04/63,sixty,Robert.Turner@example.com
Dr Tingting Wu,24/07/1989,34,Tingting.Wu@example.com
Mr Noah James Patel,07/10/1956,67,Noah.Patel@example.com
Daniel Patrick Turner,10/01/03,21,Daniel.Turner@example.com
Miss Jing Chen,29/05/1935,eighty-eight,Jing.Chen@example.com
Miss Lili Zhang,22/09/1979,44,Lili.Zhang@example.com
Mr Liang Zhang,17/02/1987,37,Liang.Zhang@example.com
Dr Ahmed Kareem Al-Farsi,08/06/65,62,Ahmed.Al-Farsi@example.com
Ms Sophia Wang,28/11/02,21,Sophia.Wang@example.com
Samuel Matthew Turner,15 March 1944,79,Samuel.Turner@example.com
Mrs Priyanka Kapoor,07/08/1990,33,Priyanka.Kapoor@example.com
Ethan Alexander Smith,27/12/1954,69,Ethan.Smith@example.com
Mr Javier Hernandez,08 April 1968,55.0,Javier.Hernandez@example.com
Ms Isabella Kim,03/07/83,40,Isabella.Kim@example.com
Dr Siqi Feng,16/09/1996,27,Siqi.Feng@example.com
Mrs Lily Grace Davis,22 February 1936,eighty-eight,Lily.Davis@example.com
Benjamin Johnson,11/06/1957,66,Benjamin.Johnson@example.com
Priya Dasgupta,02 November 2004,18,Priya.Dasgupta@example.com
Ms Scarlett Elizabeth Brown,28 March 1981,42,Scarlett.Brown@example.com
Mr Carlos Rodriguez,21/08/73,50,Carlos.Rodriguez@example.com
Dr Leo William Yamamoto,10/12/1991,32,Leo.Yamamoto@example.com
Mrs Emma Wright,26/04/1948,75,Emma.Wright@example.com
Alexander Daniel Turner,11/07/1969,54,Alexander.Turner@example.com
Ms Prianka Devi Gupta,01/10/1985,39,Prianka.Gupta@Liverpool.ac.uk
Dr Samuel ,30/01/1943,81,Samuel.Turner@example.com
Mrs Carmen Maria Silva,19 June 1998,25,Carmen.Silva@example.com
Henry Thompson,09/11/60,63,Henry.Thompson@example.com
Noah Matthew Taylor,19/08/2009,fourteen,Noah.Taylor@example.com
Dr Sophia Isabella Anderson,26/03/75,48,Sophia.Anderson@example.com
Mrs Eleanor White,08 December 1987,36,Eleanor.White@example.com
Ms Lily Amelia Patel,02/04/1941,82,Lily.Patel@example.com
Mr Daniel Patrick Smith,16/07/1976,47,Daniel.Smith@example.com
Dr Emily Maria Das,29/09/1954,69,Emily.Das@example.com
Mrs William James Turner,05/02/2000,24,William.Turner@example.com
Ms  ,25/06/1982,36,Scarlett.Lopez@exa
Mr Ethan Alexander Davis,14/11/1965,fifty-eight,Ethan.Davis@example.com
Miss Caixia Wu,01/03/1994,29,Caixia.Wu@example.com
Mrs Carmen Maria Oliveira,16/08/1946,77,Carmen.Oliveira@example.com
Ms Olivia Khan,12/10/03,20,Olivia.Khan@example.com
Mrs Miao Niu,19/04/89,34,Miao.Niu@example.com
Noah James Taylor,25/07/1958,65.0,Noah.Taylor@example.com
Dr Alexander Wright,05/12/1971,52,Alexander.Wright@example.com
Mrs Sophia Amelia Das,11/01/1996,28,Sophia.Das@example.com
Ms Emma Grace Silva,29/06/1963,60,Emma.Silva@example.com
Mr Leo William Wang,08/09/75,48,Leo.Wang@example.com
Ms Sophia Amelia Wright,09/06/2007,16,Sophia.Wright@example.com
Dr Priyanka Devi Gupta,18/02/1991,33,Priyanka.Gupta@example.com
Miss Olivia Lopez,27/11/1951,72,Olivia.Lopez@example.com
Mrs Olivia Wright,14/03/1977,46,@example.com
Mr Rajan Akash Patel,15/02/55,69,Rajan.Patel@example.com
Dr Aisha Khan,03/06/1972,51.0,Aisha.Khan@example.com
Miss Jamal Amir Al-Farsi,22/11/1988,35,Jamal.Al-Farsi@example.com
Mrs Priya Das,07/03/1964,59,Priya.Das@example.com
Mrs Malik Amirah Hussein,14/08/1999,24,Malik.Hussein@example.com
Sanjay Arjun Gupta,19/04/2005,18,Sanjay.Gupta@example.com
Dr. Nia Asha Singh,05/12/1978,45,Nia.Singh@Liverpool.ac.uk
Ms Mei Wu,25/07/1987,36,Mei.Wu@example.com
Javed Khan,08/09/1971,57,@example.com
Mrs Amara Zahra Malik,11/01/86,38,Amara.Malik@example.com
Anwar Kareem Al-Mansoori,30/05/1992,31,Anwar.Al-Mansoori@example.com
Miss Leela Sharma,12/10/1982,41.0,Leela.Sharma@example.com
Ms Malik Ishaara Ahmed,18/02/77,47,Malik.Ahmed@example.com
Jamal Adil Rahman,09/06/1965,58,Jamal.Rahman@example.com
Mrs Prianka Devi Patel,27/11/1995,28,Prianka.Patel@example.com
Aditya Ravi Kapoor,14/03/1982,41,Aditya.Kapoor@example.com
Dr Zara Khan,08/08/56,67,Zara.Khan@example.com
Mr Rahul Priyanka Das,26/12/2003,20,Rahul.Das@example.com
Naima Faridah Ali,07/04/1989,41,Naima.Ali@example.com
Mrs Ananya Das,23/09/1984,39,Ananya.Das@example.com
Amir Kareem Al-Farsi,01/07/2001,16.0,Amir.Al-Farsi@example.com
Dr Zahra Meera Khan,29/01/1967,57,Zahra.Khan@example.com
Ms Devi Prianka Dasgupta,17/06/1981,42,Devi.Dasgupta@example.com
Aryan Malik Khan,04 November 1998,25,Aryan.Khan@example.com
Mrs Asha Leela Sharma,21/03/1969,58,Asha.Sharma@example.com
Arjun Priyanka Kapoor,15/08/77,46,Arjun.Kapoor@example.com
Dr Kareem Ahmed Al-Mansoori,02/12/1988,35,Kareem.Al-Mansoori@example.com
Ishaara Malik Ali,10 April 1963,60,Ishaara.Ali@example.com
Leela Maya Singh,18/09/2007,16,Leela.Singh@example.com
Mrs Faridah Naima Ali,05/07/1947,76,Faridah.Ali@Liverpool.ac.uk
Akash Jamal Patel,23/02/1951,71,Akash.Patel@example.com
Dr Ali Malik Ishaan,12/06/1989,34,Ali.Ishaan@example.com
Miss Priyanka Devi Kapoor,01/11/1974,49,Priyanka.Kapoor@example.com
Mr Adil Jamal Rahman,27/03/2002,21,Adil.Rahman@example.com
Mrs Anika Das,20/08/50,73,Anika.Das@example.com
Kareem Al-Farsi,09 December 1976,47,Kareem.Al-Farsi@example.com
Ms Meera Zahra Khan,25/04/1985,47,Meera.Khan@example.com
Ali Ravi Kapoor,10/07/1960,63,Ali.Kapoor@example.com
Mrs Shreya Ananya Das,30 September 1997,19,Shreya.Das@example.com
Mr Jamal Akash Patel,06/02/1945,79,Jamal.Patel@example
Mrs Ravi Kapoor,26/06/1990,thirty-three,Ravi.Kapoor@example.com
Miss Amirah Hussein,15/11/2004,19,Amirah.Hussein@example.com
Mrs Priyanka Devi Patel,02/03/40,89,Priyanka.Patel@example.com
Mrs Prianka Devi Kapoor,28/08/1985,38,Prianka.Kapoor@example.com
Mr Wei Chen,17/12/1993,25,Wei.Chen@example.com
Dr Priya Aishwarya Kapoor,01/04/1947,76,Priya.Kapoor@example.com
Ms Emily Grace Thompson,15/07/1971,52,Emily.Thompson@example.com
Alejandro Martinez Garcia,06/10/1986,37,Alejandro.Garcia@example.com
Mrs Olivia Rose Williams,15/05/1954,69,Olivia.Williams@example.com
William Harrison,04/06/1969,54,William.Harrison@example.com
Dr Mei Wu,14/09/1985,38,@example.com
Mr Daniel Patrick O'Connor,23/01/1957,67,Daniel.O'Connor@example.com
Ms Isabella Rodriguez,12/06/1965,58,Isabella.Rodriguez@example.com
Ahmed Hassan Al-Mansoori,01/11/1983,40,Ahmed.Al-Mansoori@example.com
Mrs Eleanor Mary Turner,27/03/1972,51,Eleanor.Turner@example.com
Mr Hiroshi Kazuki Tanaka,20/08/2002,21,Hiroshi.Tanaka@example.com
Dr Aarav Rahul Kapoor,09/12/1946,77,Aarav.Kapoor@example.com
Ms Sophia Johnson,25/04/1985,38.0,Sophia.Johnson@example.com
Thomas Edward Smith,10/07/1969,54,Thomas.Smith@example.com
Mrs Carmen Maria Lopez,30/09/1997,26,Carmen.Lopez@example.com
Benjamin Wilson,06/02/1953,71,Benjamin.Wilson@example
Dr Javier Sanchez,26/06/1979,thirty-five,Javier.Sanchez@example.com
Mr Samuel George Taylor,15/11/2004,17.0,Samuel.Taylor@example.com
Mrs Mei Chen,02/03/1940,83,Mei.Chen@example.com
Alexander William Hughes,28/08/1964,59,Alexander.Hughes@example.com
Ms Emma Louise Brown,17/12/1993,30,Emma.Brown@example.com
Carlos Andres Fernandez,01 April 1947,76,Carlos.Fernandez@example.com
Mr Ethan Turner,15/07/1971,fifty-two,Ethan.Turner@example.com
Mrs Grace Olivia Thompson,06/10/1986,37,Grace.Thompson@example.com
Dr  ,15/01/1955,69,Yuki.Yamamoto@example.com
Robert Michael Johnson,04/05/1960,63,Robert.Johnson@example.com
David Martin,14/09/2000,23,David.Martin@example.com
Mrs Isabella Silva,20/02/1973,51,Isabella.Silva@example.com
Mr Lucas Benjamin Davis,07/06/1991,32,Lucas.Davis@example.com
Dr Priya Aaradhya Singhania,26/11/1958,65,Priya.Singhania@example.com
Ms Zoe Elizabeth Anderson,11/03/1942,81,Zoe.Anderson@example.com
Miguel Angel Ramirez,04/08/1966,57,Miguel.Ramirez@example.com
Mrs Hannah White,23/12/1988,44,Hannah.White@example.com
Henry James Turner,10/04/2007,16,Henry.Turner@example.com
Dr Ravi Arjun Gupta,28/07/1933,90,Ravi.Gupta@example.com
Ms Scarlett Parker,10/10/1977,46,Scarlett.Parker@example.com
Mrs Maria Teresa Rodriguez,20/01/1980,44.0,Maria.Rodriguez@example.com
Mr Leo William Jones,09/05/1995,28,Leo.Jones@example
Miss Jie Wang,27/09/1962,61.0,Jie.Wang@example.com
Ms Lily Olivia Wilson,01 February 1945,79.0,Lily.Wilson@example.com
Dr Abdul Kareem Al-Farsi,08/11/1985,38,Abdul.Al-Farsi@example.com
Oliver Daniel Wright,21/06/2006,17,Oliver.Wright@example.com
Mrs Sofia Isabella Das,25 March 1998,25,Sofia.Das@example.com
Mr Lucas Matthew Wang,11/08/1944,79,Lucas.Wang@example.com
Ms Emma Grace Oliveira,30/12/69,57,Emma.Oliveira@example.com
Dr Priyanka Dasgupta,15/04/1974,49,Priyanka.Dasgupta@example.com
Mrs Grace Amelia Kim,07/07/1992,31,Grace.Kim@example.com
Benjamin Turner,24/10/1953,70,Benjamin.Turner@example.com
Ms Sophia Gupta,01/02/1970,54,Sophia.Gupta@example.com
Mr Ethan Alexander Brown,16/06/2001,22,Ethan.Brown@example.com
Dr Alejandro Rodriguez Garcia,05/11/1947,85,Alejandro.Garcia@example.com
Ms Priya Kapoor,20/03/1994,29,Priya.Kapoor@example.com
William Smith,09/08/1950,73,William.Smith@example.com
Mrs Emma Grace Williams,04/12/1978,53,Emma.Williams@example.com
Robert Michael Turner,18/04/63,sixty,Robert.Turner@example.com
Dr Tingting Wu,24/07/1989,34,Tingting.Wu@example.com
Mr Noah James Patel,07/10/1956,67,Noah.Patel@example.com
Daniel Patrick Turner,10/01/03,21,Daniel.Turner@example.com
Miss Jing Chen,29/05/1935,eighty-eight,Jing.Chen@example.com
Miss Lili Zhang,22/09/1979,44,Lili.Zhang@example.com
Mr Liang Zhang,17/02/1987,37,Liang.Zhang@example.com
Dr Ahmed Kareem Al-Farsi,08/06/65,62,Ahmed.Al-Farsi@example.com
Ms Sophia Wang,28/11/02,21,Sophia.Wang@example.com
Samuel Matthew Turner,15 March 1944,79,Samuel.Turner@example.com
Mrs Priyanka Kapoor,07/08/1990,33,Priyanka.Kapoor@example.com
Ethan Alexander Smith,27/12/1954,69,Ethan.Smith@example.com
Mr Javier Hernandez,08 April 1968,55.0,Javier.Hernandez@example.com
Ms Isabella Kim,03/07/83,40,Isabella.Kim@example.com
Dr Siqi Feng,16/09/1996,27,Siqi.Feng@example.com
Mrs Lily Grace Davis,22 February 1936,eighty-eight,Lily.Davis@example.com
Benjamin Johnson,11/06/1957,66,Benjamin.Johnson@example.com
Priya Dasgupta,02 November 2004,18,Priya.Dasgupta@example.com
Ms Scarlett Elizabeth Brown,28 March 1981,42,Scarlett.Brown@example.com
Mr Carlos Rodriguez,21/08/73,50,Carlos.Rodriguez@example.com
Dr Leo William Yamamoto,10/12/1991,32,Leo.Yamamoto@example.com
Mrs Emma Wright,26/04/1948,75,Emma.Wright@example.com
Alexander Daniel Turner,11/07/1969,54,Alexander.Turner@example.com
Ms Prianka Devi Gupta,01/10/1985,39,Prianka.Gupta@Liverpool.ac.uk
Dr Samuel ,30/01/1943,81,Samuel.Turner@example.com
Mrs Carmen Maria Silva,19 June 1998,25,Carmen.Silva@example.com
Henry Thompson,09/11/60,63,Henry.Thompson@example.com
Noah Matthew Taylor,19/08/2009,fourteen,Noah.Taylor@example.com
Dr Sophia Isabella Anderson,26/03/75,48,Sophia.Anderson@example.com
Mrs Eleanor White,08 December 1987,36,Eleanor.White@example.com
Ms Lily Amelia Patel,02/04/1941,82,Lily.Patel@example.com
Mr Daniel Patrick Smith,16/07/1976,47,Daniel.Smith@example.com
Dr Emily Maria Das,29/09/1954,69,Emily.Das@example.com
Mrs William James Turner,05/02/2000,24,William.Turner@example.com
Ms  ,25/06/1982,36,Scarlett.Lopez@exa
Mr Ethan Alexander Davis,14/11/1965,fifty-eight,Ethan.Davis@example.com
Miss Caixia Wu,01/03/1994,29,Caixia.Wu@example.com
Mrs Carmen Maria Oliveira,16/08/1946,77,Carmen.Oliveira@example.com
Ms Olivia Khan,12/10/03,20,Olivia.Khan@example.com
Mrs Miao Niu,19/04/89,34,Miao.Niu@example.com
Noah James Taylor,25/07/1958,65.0,Noah.Taylor@example.com
Dr Alexander Wright,05/12/1971,52,Alexander.Wright@example.com
Mrs Sophia Amelia Das,11/01/1996,28,Sophia.Das@example.com
Ms Emma Grace Silva,29/06/1963,60,Emma.Silva@example.com
Mr Leo William Wang,08/09/75,48,Leo.Wang@example.com
Ms Sophia Amelia Wright,09/06/2007,16,Sophia.Wright@example.com
Dr Priyanka Devi Gupta,18/02/1991,33,Priyanka.Gupta@example.com
Miss Olivia Lopez,27/11/1951,72,Olivia.Lopez@example.com
Mrs Olivia Wright,14/03/1977,46,@example.com
